{"北京": "北京市", "深圳": "广东省", "杭州": "浙江省", "上海": "上海市", "广州": "广东省", "成都": "四川省", "南京": "江苏省", "武汉": "湖北省", "郑州": "河南省", "西安": "陕西省", "济南": "山东省", "合肥": "安徽省", "长沙": "湖南省", "苏州": "江苏省", "重庆": "重庆市", "福州": "福建省", "厦门": "福建省", "青岛": "山东省", "贵阳": "贵州省", "沈阳": "辽宁省", "天津": "天津市", "哈尔滨": "黑龙江省", "石家庄": "河北省", "长春": "吉林省", "大连": "辽宁省", "太原": "山西省", "无锡": "江苏省", "南昌": "江西省", "昆明": "云南省", "佛山": "广东省", "珠海": "广东省", "南宁": "广西壮族自治区", "烟台": "山东省", "宁波": "浙江省", "东莞": "广东省", "常州": "江苏省", "海口": "海南省", "兰州": "甘肃省", "呼和浩特": "内蒙古自治区", "盐城": "江苏省", "乌鲁木齐": "新疆维吾尔自治区", "徐州": "江苏省", "泉州": "福建省", "廊坊": "河北省", "银川": "宁夏回族自治区", "保定": "河北省", "芜湖": "安徽省", "潍坊": "山东省", "临沂": "山东省", "南通": "江苏省", "洛阳": "河南省", "昆山": "江苏省", "安阳": "河南省", "温州": "浙江省", "唐山": "河北省", "威海": "山东省", "西宁": "青海省", "嘉兴": "浙江省", "绵阳": "四川省", "淄博": "山东省", "泰州": "江苏省", "扬州": "江苏省", "镇江": "江苏省", "惠州": "广东省", "绍兴": "浙江省", "宜昌": "湖北省", "秦皇岛": "河北省", "济宁": "山东省", "中山": "广东省", "张家港": "江苏省", "枣庄": "山东省", "包头": "内蒙古自治区", "连云港": "江苏省", "沧州": "河北省", "张家口": "河北省", "承德": "河北省", "赤峰": "内蒙古自治区", "鞍山": "辽宁省", "遵化": "天津市", "淮安": "江苏省", "金华": "浙江省", "柳州": "广西壮族自治区", "邢台": "河北省", "常熟": "江苏省", "舟山": "浙江省", "拉萨": "西藏自治区", "桂林": "广西壮族自治区", "邯郸": "河北省", "遵义": "贵州省", "宿迁": "江苏省", "襄阳": "湖北省", "泰安": "山东省", "鄂尔多斯": "内蒙古自治区", "宜春": "江西省", "马鞍山": "安徽省", "肇庆": "广东省", "滨州": "山东省", "新乡": "河南省", "宁德": "福建省", "许昌": "河南省", "聊城": "山东省", "南阳": "河南省", "漳州": "福建省", "咸宁": "湖北省", "岳阳": "湖南省", "莆田": "", "营口": "辽宁省", "鹰潭": "江西省", "三亚": "海南省", "开封": "河南省", "商洛": "陕西省", "孝感": "湖北省", "晋中": "山西省", "湖州": "浙江省", "株洲": "湖南省", "毕节": "贵州省", "江门": "广东省", "朔州": "山西省", "梅州": "广东省", "日照": "山东省", "大庆": "黑龙江省", "辽阳": "辽宁省", "渭南": "陕西省", "天水": "甘肃省", "吉安": "江西省", "四平": "辽宁省", "三明": "福建省", "衡水": "河北省", "德阳": "四川省", "运城": "山西省", "乐山": "四川省", "漯河": "河南省", "龙岩": "福建省", "德州": "山东省", "宜城": "湖北省", "佳木斯": "黑龙江省", "六盘水": "云南省", "湘潭": "湖南省", "赣州": "江西省", "黄冈": "湖北省", "十堰": "湖北省", "长治": "山西省", "濮阳": "河南省", "铜陵": "安徽省", "安庆": "安徽省", "驻马店": "河南省", "上饶": "福建省", "延边": "吉林省", "来宾": "广西壮族自治区", "泸州": "四川省", "临汾": "山西省", "抚州": "江西省", "台州": "浙江省", "衢州": "浙江省", "衡阳": "湖南省", "阜阳": "安徽省", "清远": "广东省", "锦州": "辽宁省", "随州": "湖北省", "阳江": "广东省", "湛江": "广东省", "通辽": "内蒙古自治区", "晋城": "山西省", "鹤壁": "河南省", "河源": "广东省", "周口": "河南省", "淮北": "安徽省", "郴州": "湖南省", "玉林": "广西壮族自治区", "潮州": "广东省", "玉溪": "云南省", "九江": "江西省", "东营": "山东省", "茂名": "广东省", "阿坝": "四川省", "滁州": "安徽省", "宣城": "安徽省", "武穴": "江西省", "湘西": "湖南省", "葫芦岛": "辽宁省", "宿州": "安徽省", "莱芜": "山东省", "保山": "云南省", "钦州": "广西壮族自治区", "阿拉善盟": "内蒙古自治区", "益阳": "湖南省", "平顶山": "河南省", "曲靖": "云南省", "儋州": "海南省", "池州": "安徽省", "淮南": "安徽省", "澳门特别行政区": "澳门", "阜新": "辽宁省", "新余": "江西省", "商丘": "河南省", "揭阳": "广东省", "黔西南": "贵州省", "巴彦淖尔": "内蒙古自治区", "常德": "湖南省", "中卫": "宁夏回族自治区", "萍乡": "湖南省", "通化": "吉林省", "铜仁": "湖南省", "公主岭": "吉林省", "抚顺": "辽宁省", "齐齐哈尔": "黑龙江省", "尚志": "黑龙江省", "雅安": "四川省"}